first_name,last_name,email,company
Abe,,abe@tridentpp.com,GLP Creative
Kristin,Roberts,krisrobla@gmail.com,Freelance
Anna,Lindsay,anna.lindsay@omc.com,Omnicom Production
Craig,Clark,craig.clark@omc.com,Omnicom Production
Mark,Ginski,markaginski@gmail.com,Omnicom Productions
Zoe,Quadflieg,zoe.quadflieg@pxpproduction.com,Fallon
Rob,Sondik,rsondik@innoceanusa.com,Innocean
Bridget,Danko,bridget.danko@dentsu.com,Dentsu
Laura,Stephens,lstephens@innoceanusa.com,Innocean Worldwide
Tracey,Mercil,tracey.mercil@padillaco.com,Padilla
Alvia,Urdaneta,alvia.urdaneta@vmlyr.com,VMLY&R
Cindy,Mayer,cindy@theescapepodagency.com,The Escape Pod
Jim,Vaughan,jim.vaughan@argonautinc.com,ARGONAUT
Angelina,,angelina@squeakeclean.com,Squeak E. Clean Studios
Jeff,,jeff@upstream360.com,Upstream 360
Topher,Cochrane,christophercochrane@gmail.com,Isle of Any
Bill,,bill@hubbubmfg.com,Hubbub MFG
Samer,Ajluni,samer.ajluni@mccann.com,McCann
Aubrey,Larson,aubrey.larson@omc.com,Chiat Day
Janice,O'Flaherty,jofla@allstate.com,Allstate
Michael,Kinney,mkinney@barkleyokrp.com,BarkleyOKRP
Jacqueline,Beiro,jbeiro@gmail.com,LERMA/
Paige,Buschkoetter,paige.buschkoetter@1986studios.com,1986 Studios
Ana,Parra,ana@thepost.haus,Ana Parra
Emma,Vanderheide,emmavanderheide@gmail.com,Mono
Sydni,Gift,sydni.gift@omc.com,Omnicom Studios
Olbring,Thelusma,olbrine.thelusma@dentsu.com,Dentsu Creative
Ben,,ben@decibel.nyc,Decibel
Justin,Ramirez,justin.ramirez@monks.com,Decoded Advertising
Meg,Volk,meg.volk@forsman.com,Forsman & Bodenfors
Mike,Dahl,mdahl@bannerstudios.com,Banner Studios
Amy,Erickson,amy.erickson@target.com,Target
Dayse,Centeno,daysi.centeno@omc.com,Chiat Day
Annie,Paganini,annie.paganini@highdiveus.com,HIghdive
Mike,Middleton,mike.middleton@dentsu.com,Dentsu Creative
Danny,Caporaletti,danny.caporaletti@martinagency.com,The Martin Agency
Kelli,Shannon,kelli.shannon@vml.com,VML
Betty,Greiner,betty.greiner@vml.com,VML
Rinel,Lara,rinel.lara@vml.com,VML
Natalie,Cordray,natalie.cordray@vml.com,VML
Ethan,Downing,ethan.downing@vml.com,VML
Laure,Bunten,lauren.bunten@vml.com,VML
Denisse,Zeigen,denisse.zeigen@vml.com,VML
Gretchen,Hernandez,gretchen.hernandez@monks.com,.Monks
Danielle Scampini,Linn,scamplinnimgmt@outlook.com,Freelance
Alex,,alex@optimus.com,Optimus
Jessica,Eliasek,jessica.eliasek@dentsu.com,Dentsu
Rebecca,,rebecca@fpomarketing.com,FPO Marketing
Juan,Robles,juan.robles@vml.com,VML
Monica,Alameda,monica.alameda@glueiq.com,Glue IQ
Paul,Fix,paul.fix@amillionads.com,A Million Ads
Christine,Hurty,churty@anomaly.com,Anomaly
Gretchen,Hernandez,gretchen.hernandez@mediamonks.com,Media Monks
Tashia,Neuhaus,tashianeuhaus@gmail.com,Freelance
Carole,McCarty,carole.mccarty@gmail.com,Freelance
Greg,Haggart,greg.haggart@gravityglobal.com,Gravity Global
Claire,,claire@optimus.com,Optimus
Bret,Ausura,bret.ausura@vml.com,VML
Noelle,Nimrichter,noelle.nimrichter@pxpproduction.com,PXP
Ayana,Latimore,ayana.latimore1@dentsu.com,Dentsu Creative
Georgia,Cavvouras,georgia.cavvouras@pxpproduction.com,Digitas Health
Jennifer De,Leon,jennifer.de.leon@omc.com,Goodby Silverstein & Partners
Marina,Rodrigues,marina_rodrigues@gspsf.com,Goodby  Silverstein & Partners
Trisha,,trisha@wearecolossus.com,Colossus
Liam,Henry,liam.henry@vml.com,VML
Nicklaus,Von Nolde,nicklaus.vonnolde@crispin.com,Crispin
Jane,Muentes,janet.muentes@wundermanthompson.com,Wunderman Thompson
Bridget,Fontenot,bfontenot@lermaagency.com,LERMA/
Joanna,Peltier,joanna.peltier@highdiveus.com,HIghdive
Matt,Zinone,matt.zinone@decibel.nyc,Decibel
Evelyn,Sadowski,evelyn.sadowski@gravityglobal.com,Gravity Global
Kathy,Cosgrove,kathy.cosgrove@fcb.com,FCB Chicago
Joanna,,joanna@optimus.com,Optimus
Rolando,Romero,rolando.romero@omc.com,GSD&M
Tyler,Hovey-Wildman,tyler.hovey-wildman@dentsu.com,Dentsu Creative
Tricia,Hoover,tricia.hoover@omc.com,Omnicom Productions
Chris,Ott,chrisott@innoceanusa.com,Innocean
Sherry,McLenon,sherry.mclenon@vml.com,VML
Monique,Hargaughmazier,monique.harbaughmazier@pxpproduction.com,PXP
Tina,Riccio,tina.riccio@waltonisaacson.com,Walton Isaacson
Andres,Riveros,andres.riveros@hogarth.com,Hogarth
Cathi,Fremer,cathi.fremer@fcb.com,FCB Chicago
Mel,,casting@melandlizcasting.com,Mel and Liz Casting
Jon,Demonte,jon.demonte@gravityglobal.com,Gravity Global
Brittany,Bartle,bbartle@theshipyard.com,The Shipyard
Thomas,Martin,thomas.martin@akqa.com,Thomas Martin
Meghan,,meghan@amillionads.com,A Million Ads
Steffi,Binder,steffibinder@mac.com,Freelance
Ana,Salas,ana.salas@hogarth.com,Hogarth
Carleen,O'Brien,carleen.obrien@vml.com,VML
Danielle,Wells,danielle.wells@wbtdp.com,WB+TDP
Olaitan,Oladipo,olaitan.oladipo@monks.com,Decoded Advertising
Jeff,Harden,jeff.harden@wbtdp.com,Warshal Blumenthal
Gwen,Creighton,gwen.creighton@deutschinc.com,Deutsch
Sean,Phung,sean.phung@mcj.co,McGarrah Jessee
Jojo,,jojo@thepost.haus,The Post Haus
Helen,Diep,helen@optimus.com,Optimus
Hellen,Silva,ysoledad682@outlook.com,Bryne Scout
Megan,Letke,megan.letke@dentsu.com,Dentsu Creative
Samantha,,samantha@wearecolossus.com,Colossus
Snake,Roth,snake.roth@pxpproduction.com,Leo Burnett
Chelle,McDonald,chelle.mcdonald@omc.com,GSD&M
Kasey,Ferlic,kasey.ferlic@vml.com,VML
Katie,Weigelt,katie.weigelt@omc.com,The Mind
Marissa,Kitazawa,marissa.kitazawa@deutschinc.com,Deutsch
Rose,Liu,rose.liu@hogarth.com,Hogarth
Ariel,Gallegos,ariel.gallegos.hopper@wbtdp.com,WB+TDP
Laura,Busino,laura.busino@mcj.co,McGarrah Jessee
Hazel,Gumban,hgumban@innoceanusa.com,Innocean
Rob,Lee,rob.lee@pxpproduction.com,PXP Productions
Natasha,Carlson,natasha.carlson@riseandshineandpartners.com,Rise and Shine Partners
Leeann,Wells,lwells@moroch.com,Moroch
Latoyal,Yeargens,latoya.yeargans@wundermanthompson.com,VML
Jonathan,Dressler,jonathan.dressler@amillionads.com,A Million Ads
Ashley,Asherian,ashley.asherian@dng.com,David & Goliath
Sumer,Friedrichs,sumer.friedrichs@omc.com,GSD&M
Rebecca,Hovel,rebecca.hovel@monks.com,.Monks
Andy,Younger,andy.younker@bbdo.com,BBDO Atlanta
Laura,Walbert,lwalbert@innoceanusa.com,Innocean
Eleni,,eleni@wavestudios.com,Wave Studios
Alicia,Portner,alicia.portner@omc.com,Chiat Day
Kellianne,Hodges,khodges@moroch.com,Moroch
Jane,Greening,jgreening@doner.com,Doner
Nick,Costa,nick.costa@deutschinc.com,Deutsch
Laurel,,laurel@greyghostsound.com,Grey Ghost Sound
Kelly,,kellydproducer@gmail.com,KD Productions  LLC
Annie,Carney,annie@cactusinc.com,Cactus
Collin,Johnson,collin@thepost.haus,The Post Haus
Amy,Turner,amy.turner@vml.com,VML
Kate,Garvin,kgarvin@planetpropaganda.com,Planet Propaganda
Sloan,Shroeder,sloan.schroeder@crispin.com,Crispin
Adam,Wiebe,adam@earholestudios.com,Earhole Studios
David,Freeman,david.freeman@deutschinc.com,Deutsch
Natalia,Celis,natalia.celis@deutschinc.com,Deutsch
Kelly,Lenthe,klenthe@boathouseinc.com,Boathouse Inc
Guin,,hello@otbirds.com,One Thousand Birds
Carol,Riffle,carol.riffle@fcb.com,FCB Chicago
Wade,Wagner,wwagner@vitroagency.com,Vitro Agency
Susan,,susan@notpictured.co,Not Pictured
Christine,Plaster,christine.plaster@yr.com,VML
Jennifer,Beres,jennifer.beres@padillaco.com,Padilla
Stacey,Cooper,stacey.cooper@globalprairie.com,Global Prairie
Tony,Wallace,tony.wallace@dentsu.com,Dentsu
Chris,Webb,cwebb@innoceanusa.com,Innocean
Eric,Faber,eric.faber@allstate.com,Allstate
Andi,Pepin,andi.pepin@target.com,Andi Pepin
Tim,Konn,chicago.producers@anothercountry.net,Another Country
Marina,Korzen,marina.korzon@vml.com,VML
Dan,Eaton,dan@thepost.haus,The Post Haus
Stephanie,Murdoch,stephanie.murdoch@omc.com,The Marketing Arm
Aaron,Barnett,aaron.barnett@ext.chime.com,Chime
Nikki,Jenkins,njenkins@unreasonablestudios.com,Unreasonable Studios
Alyssa,Leveille,alyssa.leveille@fcb.com,FCB Chicago
Dennis,Samatulski,dennis.samatulski@gmail.com,Consortium
Katie,Roach,katieproduces@gmail.com,Freelance
Anne,Carbo,anne.carbo@vml.com,VML
Lindsay,Nettles-Chism,lnettles-chism@barkleyokrp.com,OKRP
Amanda,Patterson,amanda@tinylion.tv,Tiny Lion
Brynn,Hausmann,brynn.hausmann@riseandshineandpartners.com,Rise and Shine
Sheila,Smith,production@bonfirelabs.com,Bonfire Labs
Charles,Self,charles.self@monks.com,Decoded Advertising
Jack,Epsteen,jack.epsteen@themayor.com,The Mayor
Hallie,Vandeven,hallie.vandeven@vml.com,VML
Jorge,Cassani,jorge.cassani@omc.com,Chiat Day
Christina,Martinez,cristina.martinez@cylndr.com,Cylndr Studios
Chelsea,Sanatan,chelsea.sanatan@omc.com,Omnicom Productions
Sara,Wolfson,sara.wolfson@monks.com,Media Monks
Julie,Smith,julie.smith@highdiveus.com,High Dive
Kent,Smith,kssideshow@gmail.com,Freelance
Tara,Westberg,twestberg@lermaagency.com,LERMA/
Matthew,Wilson,mwilson@barkleyokrp.com,Barkley
Shefali,Valdez,svaldez@innoceanusa.com,Innocean
Stefani,Tormamen,stefeni.tormanen@omc.com,BBDO
Kate,Zadoo,kate.zadoo@vml.com,VML
Kendra,Goolsby,kgoolsby@doner.com,Doner
Christina,Staal,cstaal@theshipyard.com,The Shipyard
Susan,Neuman,susan.neuman@globalprairie.com,Global Prairie
Robert,Shin,robert.shin@fcb.com,FCB Chicago
Mimi,Hirsch,mimi.hirsch@pxpproduction.com,PXP
Jeff,Piper,jeff.piper@royals.com,Kansas City Royals
Marni,Dworkin,marni.dworkin@vml.com,VML
Eric,Edmonds,ericedmonds@scouthouse.com,Scouthouse
Leslie,Patson,lpatson@levi.com,Levi Strauss & Co.
Robin,Bisel,rbisel@barkleyokrp.com,OKRP
Brian,Cooper,bcooper@c-k.com,Cramer Krasselt
Allison,Fasano,ba@decodedadvertising.com,Decoded Advertising
Amanda,Azoroh,amanda.azoroh@omc.com,Chiat Day
Martha,Douglas,martha@cactusinc.com,Cactus
Kenia,Calderon,kenia.calderon@deutschinc.com,Deutsch
Daniel,Vera,daniel.vera@dentsu.com,Dentsu Creative
Paul,Albanese,paul.albanese@dng.com,David & Goliath
Thomas,Hand,thomas.hand@vml.com,VML
Kelley,Beaman,kelley.beaman@highdiveus.com,HIghdive
Rauwshan,McKenzie,rmckenzie@barkleyokrp.com,OKRP
Xiaomi,Qu,xiaomi.qu@dentsu.com,Dentsu
Laura,Jag,laura.jag@gkv.com,gkv
Sofia,de Antuñano,sofia.deantunano@omc.com,tbwa chiat
Peter,Figueira,peter.figueira@deutschinc.com,Deutsch
Debbie,Steeg,debbie.steeg@vml.com,VML
Diane,DeLisa,diane.delisa@vml.com,VML
Lisa,Kunst,lisa.kunst@vml.com,VML
Nicole,,nicole.hollis-vitale@libertymutual.com,
Bryan,Wright,bryanwright@pogistudios.com,Pogi Studios